{
	"icon": {
		"type": "element",
		"isRootNode": true,
		"name": "svg",
		"attributes": {
			"width": "32",
			"height": "34",
			"viewBox": "0 0 32 34",
			"fill": "none",
			"xmlns": "http://www.w3.org/2000/svg"
		},
		"children": [
			{
				"type": "element",
				"name": "g",
				"attributes": {
					"id": "File Icons/csv"
				},
				"children": [
					{
						"type": "element",
						"name": "g",
						"attributes": {
							"id": "sharp",
							"filter": "url(#filter0_d_6816_769)"
						},
						"children": [
							{
								"type": "element",
								"name": "path",
								"attributes": {
									"d": "M4 7.73398C4 5.49377 4 4.37367 4.43597 3.51802C4.81947 2.76537 5.43139 2.15345 6.18404 1.76996C7.03969 1.33398 8.15979 1.33398 10.4 1.33398H18.6667L28 10.6673V24.2673C28 26.5075 28 27.6276 27.564 28.4833C27.1805 29.2359 26.5686 29.8478 25.816 30.2313C24.9603 30.6673 23.8402 30.6673 21.6 30.6673H10.4C8.15979 30.6673 7.03969 30.6673 6.18404 30.2313C5.43139 29.8478 4.81947 29.2359 4.43597 28.4833C4 27.6276 4 26.5075 4 24.2673V7.73398Z",
									"fill": "#169951"
								},
								"children": []
							}
						]
					},
					{
						"type": "element",
						"name": "g",
						"attributes": {
							"id": "CSV",
							"opacity": "0.96"
						},
						"children": [
							{
								"type": "element",
								"name": "path",
								"attributes": {
									"d": "M13.0846 21.8908C12.8419 23.3562 11.8246 24.0562 10.5646 24.0562C9.78992 24.0562 9.20192 23.7948 8.71659 23.3095C8.01659 22.6095 8.04459 21.6762 8.04459 20.6775C8.04459 19.6788 8.01659 18.7455 8.71659 18.0455C9.20192 17.5602 9.78992 17.2988 10.5646 17.2988C11.8246 17.2988 12.8419 17.9988 13.0846 19.4642H11.4233C11.3206 19.0908 11.1153 18.7548 10.5739 18.7548C10.2753 18.7548 10.0513 18.8762 9.92992 19.0348C9.78059 19.2308 9.67792 19.4642 9.67792 20.6775C9.67792 21.8908 9.78059 22.1242 9.92992 22.3202C10.0513 22.4788 10.2753 22.6002 10.5739 22.6002C11.1153 22.6002 11.3206 22.2642 11.4233 21.8908H13.0846Z",
									"fill": "white"
								},
								"children": []
							},
							{
								"type": "element",
								"name": "path",
								"attributes": {
									"d": "M18.4081 21.9655C18.4081 23.3188 17.2414 24.0562 15.8414 24.0562C14.8241 24.0562 13.9934 23.8695 13.3214 23.1788L14.3668 22.1335C14.7121 22.4788 15.3188 22.6002 15.8508 22.6002C16.4948 22.6002 16.8028 22.3855 16.8028 22.0028C16.8028 21.8442 16.7654 21.7135 16.6721 21.6108C16.5881 21.5268 16.4481 21.4615 16.2334 21.4335L15.4308 21.3215C14.8428 21.2375 14.3948 21.0415 14.0961 20.7335C13.7881 20.4162 13.6388 19.9682 13.6388 19.3988C13.6388 18.1855 14.5534 17.2988 16.0654 17.2988C17.0174 17.2988 17.7361 17.5228 18.3054 18.0922L17.2788 19.1188C16.8588 18.6988 16.3081 18.7268 16.0188 18.7268C15.4494 18.7268 15.2161 19.0535 15.2161 19.3428C15.2161 19.4268 15.2441 19.5482 15.3468 19.6508C15.4308 19.7348 15.5708 19.8188 15.8041 19.8468L16.6068 19.9588C17.2041 20.0428 17.6334 20.2295 17.9134 20.5095C18.2681 20.8548 18.4081 21.3495 18.4081 21.9655Z",
									"fill": "white"
								},
								"children": []
							},
							{
								"type": "element",
								"name": "path",
								"attributes": {
									"d": "M24.4166 17.3548L22.214 24.0002H21.0006L18.8073 17.3548H20.4966L21.6166 21.0695L22.718 17.3548H24.4166Z",
									"fill": "white"
								},
								"children": []
							}
						]
					},
					{
						"type": "element",
						"name": "path",
						"attributes": {
							"id": "bevel",
							"opacity": "0.5",
							"d": "M18.6667 1.33398L28.0001 10.6673H21.3334C19.8607 10.6673 18.6667 9.47341 18.6667 8.00065V1.33398Z",
							"fill": "white"
						},
						"children": []
					}
				]
			},
			{
				"type": "element",
				"name": "defs",
				"attributes": {},
				"children": [
					{
						"type": "element",
						"name": "filter",
						"attributes": {
							"id": "filter0_d_6816_769",
							"x": "2",
							"y": "0.333984",
							"width": "28",
							"height": "33.334",
							"filterUnits": "userSpaceOnUse",
							"color-interpolation-filters": "sRGB"
						},
						"children": [
							{
								"type": "element",
								"name": "feFlood",
								"attributes": {
									"flood-opacity": "0",
									"result": "BackgroundImageFix"
								},
								"children": []
							},
							{
								"type": "element",
								"name": "feColorMatrix",
								"attributes": {
									"in": "SourceAlpha",
									"type": "matrix",
									"values": "0 0 0 0 0 0 0 0 0 0 0 0 0 0 0 0 0 0 127 0",
									"result": "hardAlpha"
								},
								"children": []
							},
							{
								"type": "element",
								"name": "feOffset",
								"attributes": {
									"dy": "1"
								},
								"children": []
							},
							{
								"type": "element",
								"name": "feGaussianBlur",
								"attributes": {
									"stdDeviation": "1"
								},
								"children": []
							},
							{
								"type": "element",
								"name": "feColorMatrix",
								"attributes": {
									"type": "matrix",
									"values": "0 0 0 0 0.0627451 0 0 0 0 0.0941176 0 0 0 0 0.156863 0 0 0 0.05 0"
								},
								"children": []
							},
							{
								"type": "element",
								"name": "feBlend",
								"attributes": {
									"mode": "normal",
									"in2": "BackgroundImageFix",
									"result": "effect1_dropShadow_6816_769"
								},
								"children": []
							},
							{
								"type": "element",
								"name": "feBlend",
								"attributes": {
									"mode": "normal",
									"in": "SourceGraphic",
									"in2": "effect1_dropShadow_6816_769",
									"result": "shape"
								},
								"children": []
							}
						]
					}
				]
			}
		]
	},
	"name": "Csv"
}