{
	"icon": {
		"type": "element",
		"isRootNode": true,
		"name": "svg",
		"attributes": {
			"width": "32",
			"height": "34",
			"viewBox": "0 0 32 34",
			"fill": "none",
			"xmlns": "http://www.w3.org/2000/svg"
		},
		"children": [
			{
				"type": "element",
				"name": "g",
				"attributes": {
					"filter": "url(#filter0_d_17194_49206)"
				},
				"children": [
					{
						"type": "element",
						"name": "path",
						"attributes": {
							"d": "M4 7.73301C4 5.4928 4 4.37269 4.43597 3.51705C4.81947 2.7644 5.43139 2.15248 6.18404 1.76898C7.03969 1.33301 8.15979 1.33301 10.4 1.33301H18.6667L28 10.6663V24.2663C28 26.5066 28 27.6267 27.564 28.4823C27.1805 29.2349 26.5686 29.8469 25.816 30.2304C24.9603 30.6663 23.8402 30.6663 21.6 30.6663H10.4C8.15979 30.6663 7.03969 30.6663 6.18404 30.2304C5.43139 29.8469 4.81947 29.2349 4.43597 28.4823C4 27.6267 4 26.5066 4 24.2663V7.73301Z",
							"fill": "#2349A9"
						},
						"children": []
					}
				]
			},
			{
				"type": "element",
				"name": "path",
				"attributes": {
					"opacity": "0.5",
					"d": "M18.6665 1.33301L27.9998 10.6663H21.3332C19.8604 10.6663 18.6665 9.47243 18.6665 7.99967V1.33301Z",
					"fill": "white"
				},
				"children": []
			},
			{
				"type": "element",
				"name": "g",
				"attributes": {
					"opacity": "0.96"
				},
				"children": [
					{
						"type": "element",
						"name": "path",
						"attributes": {
							"d": "M13.6329 21.4112C13.6329 22.2603 13.7059 22.9501 13.0326 23.5793C12.6351 23.9508 12.0754 24.11 11.4751 24.11H9.3335V18.7125H11.4751C12.0754 18.7125 12.6351 18.8717 13.0326 19.2431C13.7059 19.8723 13.6329 20.5622 13.6329 21.4112ZM12.2133 21.4112C12.2133 20.5015 12.1727 20.3499 12.0591 20.1983C11.9293 20.0164 11.7347 19.8951 11.3777 19.8951H10.7531V22.9274H11.3777C11.7347 22.9274 11.9293 22.8061 12.0591 22.6242C12.1727 22.4725 12.2133 22.3285 12.2133 21.4112Z",
							"fill": "white"
						},
						"children": []
					},
					{
						"type": "element",
						"name": "path",
						"attributes": {
							"d": "M18.8275 21.4112C18.8275 22.2224 18.8519 22.9805 18.2435 23.549C17.8217 23.9432 17.3349 24.1555 16.6292 24.1555C15.9234 24.1555 15.4367 23.9432 15.0149 23.549C14.4065 22.9805 14.4308 22.2224 14.4308 21.4112C14.4308 20.6001 14.4065 19.842 15.0149 19.2735C15.4367 18.8793 15.9234 18.667 16.6292 18.667C17.3349 18.667 17.8217 18.8793 18.2435 19.2735C18.8519 19.842 18.8275 20.6001 18.8275 21.4112ZM17.4079 21.4112C17.4079 20.4257 17.3268 20.2438 17.197 20.0846C17.0916 19.9557 16.8888 19.8496 16.6292 19.8496C16.3696 19.8496 16.1668 19.9557 16.0613 20.0846C15.9316 20.2438 15.8504 20.4257 15.8504 21.4112C15.8504 22.3967 15.9316 22.5711 16.0613 22.7303C16.1668 22.8592 16.3696 22.9729 16.6292 22.9729C16.8888 22.9729 17.0916 22.8592 17.197 22.7303C17.3268 22.5711 17.4079 22.3967 17.4079 21.4112Z",
							"fill": "white"
						},
						"children": []
					},
					{
						"type": "element",
						"name": "path",
						"attributes": {
							"d": "M24.0002 22.3967C23.7893 23.5869 22.905 24.1555 21.8099 24.1555C21.1366 24.1555 20.6256 23.9432 20.2037 23.549C19.5953 22.9805 19.6197 22.2224 19.6197 21.4112C19.6197 20.6001 19.5953 19.842 20.2037 19.2735C20.6256 18.8793 21.1366 18.667 21.8099 18.667C22.905 18.667 23.7893 19.2356 24.0002 20.4257H22.5562C22.467 20.1225 22.2885 19.8496 21.818 19.8496C21.5584 19.8496 21.3638 19.9481 21.2583 20.077C21.1285 20.2362 21.0393 20.4257 21.0393 21.4112C21.0393 22.3967 21.1285 22.5863 21.2583 22.7455C21.3638 22.8743 21.5584 22.9729 21.818 22.9729C22.2885 22.9729 22.467 22.7 22.5562 22.3967H24.0002Z",
							"fill": "white"
						},
						"children": []
					}
				]
			},
			{
				"type": "element",
				"name": "defs",
				"attributes": {},
				"children": [
					{
						"type": "element",
						"name": "filter",
						"attributes": {
							"id": "filter0_d_17194_49206",
							"x": "2",
							"y": "0.333008",
							"width": "28",
							"height": "33.333",
							"filterUnits": "userSpaceOnUse",
							"color-interpolation-filters": "sRGB"
						},
						"children": [
							{
								"type": "element",
								"name": "feFlood",
								"attributes": {
									"flood-opacity": "0",
									"result": "BackgroundImageFix"
								},
								"children": []
							},
							{
								"type": "element",
								"name": "feColorMatrix",
								"attributes": {
									"in": "SourceAlpha",
									"type": "matrix",
									"values": "0 0 0 0 0 0 0 0 0 0 0 0 0 0 0 0 0 0 127 0",
									"result": "hardAlpha"
								},
								"children": []
							},
							{
								"type": "element",
								"name": "feOffset",
								"attributes": {
									"dy": "1"
								},
								"children": []
							},
							{
								"type": "element",
								"name": "feGaussianBlur",
								"attributes": {
									"stdDeviation": "1"
								},
								"children": []
							},
							{
								"type": "element",
								"name": "feColorMatrix",
								"attributes": {
									"type": "matrix",
									"values": "0 0 0 0 0.0627451 0 0 0 0 0.0941176 0 0 0 0 0.156863 0 0 0 0.05 0"
								},
								"children": []
							},
							{
								"type": "element",
								"name": "feBlend",
								"attributes": {
									"mode": "normal",
									"in2": "BackgroundImageFix",
									"result": "effect1_dropShadow_17194_49206"
								},
								"children": []
							},
							{
								"type": "element",
								"name": "feBlend",
								"attributes": {
									"mode": "normal",
									"in": "SourceGraphic",
									"in2": "effect1_dropShadow_17194_49206",
									"result": "shape"
								},
								"children": []
							}
						]
					}
				]
			}
		]
	},
	"name": "Doc"
}