{
	"icon": {
		"type": "element",
		"isRootNode": true,
		"name": "svg",
		"attributes": {
			"width": "32",
			"height": "34",
			"viewBox": "0 0 32 34",
			"fill": "none",
			"xmlns": "http://www.w3.org/2000/svg"
		},
		"children": [
			{
				"type": "element",
				"name": "g",
				"attributes": {
					"filter": "url(#filter0_d_3055_14432)"
				},
				"children": [
					{
						"type": "element",
						"name": "path",
						"attributes": {
							"d": "M4 7.73349C4 5.49329 4 4.37318 4.43597 3.51753C4.81947 2.76489 5.43139 2.15296 6.18404 1.76947C7.03969 1.3335 8.15979 1.3335 10.4 1.3335H18.6667L28 10.6668V24.2668C28 26.507 28 27.6271 27.564 28.4828C27.1805 29.2354 26.5686 29.8474 25.816 30.2309C24.9603 30.6668 23.8402 30.6668 21.6 30.6668H10.4C8.15979 30.6668 7.03969 30.6668 6.18404 30.2309C5.43139 29.8474 4.81947 29.2354 4.43597 28.4828C4 27.6271 4 26.507 4 24.2668V7.73349Z",
							"fill": "#E3E5E8"
						},
						"children": []
					},
					{
						"type": "element",
						"name": "path",
						"attributes": {
							"d": "M4.25 7.73349C4.25 6.60926 4.25019 5.78113 4.30367 5.12666C4.3569 4.47511 4.46169 4.01774 4.65873 3.63103C5.01825 2.92542 5.59193 2.35175 6.29754 1.99222C6.68424 1.79518 7.14162 1.6904 7.79317 1.63716C8.44763 1.58369 9.27577 1.5835 10.4 1.5835H18.5631L27.75 10.7704V24.2668C27.75 25.3911 27.7498 26.2192 27.6963 26.8737C27.6431 27.5252 27.5383 27.9826 27.3413 28.3693C26.9817 29.0749 26.4081 29.6486 25.7025 30.0081C25.3158 30.2051 24.8584 30.3099 24.2068 30.3632C23.5524 30.4166 22.7242 30.4168 21.6 30.4168H10.4C9.27577 30.4168 8.44763 30.4166 7.79317 30.3632C7.14162 30.3099 6.68424 30.2051 6.29754 30.0081C5.59193 29.6486 5.01825 29.0749 4.65873 28.3693C4.46169 27.9826 4.3569 27.5252 4.30367 26.8737C4.25019 26.2192 4.25 25.3911 4.25 24.2668V7.73349Z",
							"stroke": "black",
							"stroke-opacity": "0.03",
							"stroke-width": "0.5"
						},
						"children": []
					}
				]
			},
			{
				"type": "element",
				"name": "g",
				"attributes": {
					"opacity": "0.96"
				},
				"children": [
					{
						"type": "element",
						"name": "path",
						"attributes": {
							"d": "M13.2254 19.5522V18.3042H9.02539V19.5522H10.4254V24.0002H11.8254V19.5522H13.2254Z",
							"fill": "#667085"
						},
						"children": []
					},
					{
						"type": "element",
						"name": "path",
						"attributes": {
							"d": "M18.5371 24.0002L16.7611 21.0802L18.4251 18.3042H16.8331L16.0011 19.9122L15.1691 18.3042H13.5771L15.2411 21.0802L13.4651 24.0002H15.0651L16.0011 22.2482L16.9371 24.0002H18.5371Z",
							"fill": "#667085"
						},
						"children": []
					},
					{
						"type": "element",
						"name": "path",
						"attributes": {
							"d": "M22.9754 19.5522V18.3042H18.7754V19.5522H20.1754V24.0002H21.5754V19.5522H22.9754Z",
							"fill": "#667085"
						},
						"children": []
					}
				]
			},
			{
				"type": "element",
				"name": "path",
				"attributes": {
					"opacity": "0.5",
					"d": "M18.6665 1.3335L27.9998 10.6668H21.3332C19.8604 10.6668 18.6665 9.47292 18.6665 8.00016V1.3335Z",
					"fill": "white"
				},
				"children": []
			},
			{
				"type": "element",
				"name": "defs",
				"attributes": {},
				"children": [
					{
						"type": "element",
						"name": "filter",
						"attributes": {
							"id": "filter0_d_3055_14432",
							"x": "2",
							"y": "0.333496",
							"width": "28",
							"height": "33.3335",
							"filterUnits": "userSpaceOnUse",
							"color-interpolation-filters": "sRGB"
						},
						"children": [
							{
								"type": "element",
								"name": "feFlood",
								"attributes": {
									"flood-opacity": "0",
									"result": "BackgroundImageFix"
								},
								"children": []
							},
							{
								"type": "element",
								"name": "feColorMatrix",
								"attributes": {
									"in": "SourceAlpha",
									"type": "matrix",
									"values": "0 0 0 0 0 0 0 0 0 0 0 0 0 0 0 0 0 0 127 0",
									"result": "hardAlpha"
								},
								"children": []
							},
							{
								"type": "element",
								"name": "feOffset",
								"attributes": {
									"dy": "1"
								},
								"children": []
							},
							{
								"type": "element",
								"name": "feGaussianBlur",
								"attributes": {
									"stdDeviation": "1"
								},
								"children": []
							},
							{
								"type": "element",
								"name": "feColorMatrix",
								"attributes": {
									"type": "matrix",
									"values": "0 0 0 0 0.0627451 0 0 0 0 0.0941176 0 0 0 0 0.156863 0 0 0 0.05 0"
								},
								"children": []
							},
							{
								"type": "element",
								"name": "feBlend",
								"attributes": {
									"mode": "normal",
									"in2": "BackgroundImageFix",
									"result": "effect1_dropShadow_3055_14432"
								},
								"children": []
							},
							{
								"type": "element",
								"name": "feBlend",
								"attributes": {
									"mode": "normal",
									"in": "SourceGraphic",
									"in2": "effect1_dropShadow_3055_14432",
									"result": "shape"
								},
								"children": []
							}
						]
					}
				]
			}
		]
	},
	"name": "Txt"
}