{
	"icon": {
		"type": "element",
		"isRootNode": true,
		"name": "svg",
		"attributes": {
			"width": "7",
			"height": "20",
			"viewBox": "0 0 7 20",
			"fill": "none",
			"xmlns": "http://www.w3.org/2000/svg"
		},
		"children": [
			{
				"type": "element",
				"name": "path",
				"attributes": {
					"id": "Line 3",
					"d": "M1 19.3544L5.94174 0.645657",
					"stroke": "#EAECF0",
					"stroke-linecap": "round"
				},
				"children": []
			}
		]
	},
	"name": "DiagonalDividingLine"
}